Date,Name,Year,Letterboxd URI,Rating
2023-04-06,The Banshees of Inisherin,2022,https://boxd.it/p7XS,4
2023-04-06,Puss in Boots: The Last Wish,2022,https://boxd.it/aaie,5
2023-04-06,The Batman,2022,https://boxd.it/eDGs,3.5
2023-04-06,Spider-Man: No Way Home,2021,https://boxd.it/nwRw,4
2023-04-06,Glass Onion,2022,https://boxd.it/oCkK,5
2023-04-06,Doctor Strange in the Multiverse of Madness,2022,https://boxd.it/gaTc,3
2023-04-06,Soul,2020,https://boxd.it/ioLA,4
2023-04-06,"The French Dispatch of the Liberty, Kansas Evening Sun",2021,https://boxd.it/jLP8,3.5
2023-04-06,Bullet Train,2022,https://boxd.it/qW26,2.5
2023-04-06,Thor: Love and Thunder,2022,https://boxd.it/mMAY,2
2023-04-06,Black Widow,2021,https://boxd.it/hWV8,2.5
2023-04-06,Shang-Chi and the Legend of the Ten Rings,2021,https://boxd.it/kLDI,2
2023-04-06,Barbarian,2022,https://boxd.it/yohi,3
2023-04-06,The Suicide Squad,2021,https://boxd.it/fw6O,3
2023-04-06,Encanto,2021,https://boxd.it/kPRu,4
2023-04-06,Black Panther: Wakanda Forever,2022,https://boxd.it/igPu,4.5
2023-04-06,Elvis,2022,https://boxd.it/mK4w,3.5
2023-04-06,Turning Red,2022,https://boxd.it/ipkq,5
2023-04-06,Luca,2021,https://boxd.it/ipjC,3
2023-04-06,Eternals,2021,https://boxd.it/j36o,3
2023-04-06,Palm Springs,2020,https://boxd.it/lCXQ,5
2023-04-06,Fresh,2022,https://boxd.it/tCNi,3
2023-04-06,The Mitchells vs. the Machines,2021,https://boxd.it/i7xm,5
2023-04-06,Wonder Woman 1984,2020,https://boxd.it/gBtA,1.5
2023-04-06,Do Revenge,2022,https://boxd.it/sFiA,3
2023-04-06,Shiva Baby,2020,https://boxd.it/oIv0,4.5
2023-04-06,Onward,2020,https://boxd.it/io92,2
2023-04-06,Loki,2021,https://boxd.it/sbHg,3
2023-04-06,The Gray Man,2022,https://boxd.it/rb7q,1.5
2023-04-06,Death on the Nile,2022,https://boxd.it/ifpg,1
2023-04-06,Moon Knight,2022,https://boxd.it/zeDq,2.5
2023-04-06,The Falcon and the Winter Soldier,2021,https://boxd.it/sbH6,2.5
2023-04-06,Red Notice,2021,https://boxd.it/ixtq,0.5
2023-04-06,Malcolm & Marie,2021,https://boxd.it/r5cO,0.5
2023-04-06,Hawkeye,2021,https://boxd.it/xQqK,2
2023-04-06,The Lost City,2022,https://boxd.it/sg0Q,4
2023-04-06,Happiest Season,2020,https://boxd.it/iS3I,3.5
2023-04-06,The Half of It,2020,https://boxd.it/m0T4,3
2023-04-06,The Woman King,2022,https://boxd.it/r9a8,5
2023-04-06,Space Jam: A New Legacy,2021,https://boxd.it/dd9A,1
2023-04-06,To All the Boys: P.S. I Still Love You,2020,https://boxd.it/kJny,3.5
2023-04-06,The Bob's Burgers Movie,2022,https://boxd.it/if7w,4
2023-04-06,Sing 2,2021,https://boxd.it/fAnE,4
2023-04-06,One Night in Miami...,2020,https://boxd.it/oCUo,3.5
2023-04-06,You People,2023,https://boxd.it/wJYe,1.5
2023-04-06,She-Hulk: Attorney at Law,2022,https://boxd.it/CjLK,2
2023-04-06,Holidate,2020,https://boxd.it/mLcc,2.5
2023-04-06,All the Bright Places,2020,https://boxd.it/bpfQ,4
2023-04-06,To All the Boys: Always and Forever,2021,https://boxd.it/mI1A,3.5
2023-04-06,Ms. Marvel,2022,https://boxd.it/ANCY,2.5
2023-04-06,Bad Boys for Life,2020,https://boxd.it/15pc,3
2023-04-06,Ticket to Paradise,2022,https://boxd.it/u8Cc,3
2023-04-06,He's All That,2021,https://boxd.it/bFbA,0.5
2023-04-06,The Kissing Booth 2,2020,https://boxd.it/lrky,0.5
2023-04-06,Fire Island,2022,https://boxd.it/vV8C,4
2023-04-06,Marry Me,2022,https://boxd.it/mLSC,1.5
2023-04-06,The Last Dance,2020,https://boxd.it/pVfc,3.5
2023-04-06,"Good Luck to You, Leo Grande",2022,https://boxd.it/stYk,4.5
2023-04-06,Unpregnant,2020,https://boxd.it/nrH2,4
2023-04-06,I Want You Back,2022,https://boxd.it/poyU,3.5
2023-04-18,BEEF,2023,https://boxd.it/FPsm,4
2023-04-18,Whiplash,2014,https://boxd.it/7bQA,4.5
2023-04-18,La La Land,2016,https://boxd.it/a5fa,4
2023-04-18,The Menu,2022,https://boxd.it/lScm,4
2023-04-18,Rye Lane,2023,https://boxd.it/DIyy,5
2023-04-18,Normal People,2020,https://boxd.it/q2VY,5
2023-04-18,If Beale Street Could Talk,2018,https://boxd.it/gGhu,4.5
2023-05-28,Mrs. Davis,2023,https://boxd.it/GJ1G,5
2024-01-03,The Holdovers,2023,https://boxd.it/vHza,4
2024-01-03,May December,2023,https://boxd.it/vEE2,4
2024-05-26,Challengers,2024,https://boxd.it/zld0,5
2024-05-26,The Idea of You,2024,https://boxd.it/vOW6,3.5
2024-05-26,Dune: Part Two,2024,https://boxd.it/pUfA,5
2024-05-26,The Iron Claw,2023,https://boxd.it/w5Pm,5
2024-05-26,Anyone But You,2023,https://boxd.it/EzA8,2.5
2024-05-29,Mad Max: Fury Road,2015,https://boxd.it/2DjO,5
2024-05-29,Barbie,2023,https://boxd.it/bCLK,3
2024-05-29,Poor Things,2023,https://boxd.it/tNWU,3.5
2024-05-29,Singin' in the Rain,1952,https://boxd.it/29oY,4.5
2024-05-29,When Harry Met Sally...,1989,https://boxd.it/29W2,5
2024-05-29,Two Can Play That Game,2001,https://boxd.it/1vLS,5
2024-05-29,Silver Linings Playbook,2012,https://boxd.it/2TTo,5
2024-06-02,Falling in Love,1984,https://boxd.it/yeA,3
2024-06-02,Cast Away,2000,https://boxd.it/20i8,4
2024-06-09,Hit Man,2023,https://boxd.it/ANB2,4
2024-06-09,The Sound of Music,1965,https://boxd.it/1MLK,5
2024-06-09,"Hello, Dolly!",1969,https://boxd.it/1OTG,3
2024-06-10,Funny Girl,1968,https://boxd.it/1KR2,4.5
2024-07-07,Oppenheimer,2023,https://boxd.it/wUow,5
2024-09-01,The Girl with the Dragon Tattoo,2011,https://boxd.it/2Pa,5
2024-12-10,Wicked,2024,https://boxd.it/e8ME,5
2024-12-10,Die Hard,1988,https://boxd.it/2a7u,4
2025-01-02,Gladiator,2000,https://boxd.it/2b9m,4
2025-01-02,Inside Out 2,2024,https://boxd.it/CFrC,4
2025-01-02,Furiosa: A Mad Max Saga,2024,https://boxd.it/tABk,3.5
2025-01-02,Conclave,2024,https://boxd.it/AO8q,3
2025-01-03,Call Me by Your Name,2017,https://boxd.it/dYmm,4
2025-01-03,Uptown Girls,2003,https://boxd.it/1N64,5
2025-01-03,"I, Tonya",2017,https://boxd.it/dzR0,4
2025-01-04,Me Before You,2016,https://boxd.it/9n98,3
2025-01-04,The Northman,2022,https://boxd.it/nK2s,4.5
2025-01-04,Arrival,2016,https://boxd.it/aNGk,5
2025-01-08,Mission: Impossible – Dead Reckoning,2023,https://boxd.it/l7zS,4
2025-01-18,The Broken Hearts Gallery,2020,https://boxd.it/mNja,4
2025-01-20,Things We Lost in the Fire,2007,https://boxd.it/24YW,4
2025-01-20,Bounce,2000,https://boxd.it/1VcO,3
2025-01-25,The Wild Robot,2024,https://boxd.it/IWFy,5
2025-01-25,Barb & Star Go to Vista Del Mar,2021,https://boxd.it/lX9M,4
2025-01-25,Dinner in America,2020,https://boxd.it/oinu,2.5
2025-02-15,What Happens in Vegas,2008,https://boxd.it/1Zlq,3
2025-02-15,White House Down,2013,https://boxd.it/3TOg,2
2025-02-15,"Corrina, Corrina",1994,https://boxd.it/1Wcq,3.5
2025-02-15,While You Were Sleeping,1995,https://boxd.it/27wm,5
2025-02-16,Hope Floats,1998,https://boxd.it/1XYU,3
2025-02-16,Autumn in New York,2000,https://boxd.it/1VKG,3
2025-02-17,Secretary,2002,https://boxd.it/1URc,3
2025-02-17,Moonstruck,1987,https://boxd.it/27zg,5
2025-02-17,Waiting to Exhale,1995,https://boxd.it/1jhc,5
2025-02-23,The Owl and the Pussycat,1970,https://boxd.it/Wvg,3.5
2025-02-23,"What's Up, Doc?",1972,https://boxd.it/21iy,5
2025-02-25,The Bridges of Madison County,1995,https://boxd.it/29Os,4
2025-03-01,Unknown,2011,https://boxd.it/JbW,2.5
2025-03-01,Traitor,2008,https://boxd.it/1Qu4,2.5
2025-03-02,Jerry Maguire,1996,https://boxd.it/1YNS,4
2025-03-04,Fear,1996,https://boxd.it/1W0a,3
2025-03-04,The Apartment,1960,https://boxd.it/2aGE,4
2025-03-08,Erin Brockovich,2000,https://boxd.it/2al2,4.5
2025-03-08,Spy,2015,https://boxd.it/71Ks,5
2025-04-18,Everything Everywhere All at Once,2022,https://boxd.it/jUk4,4.5
2025-04-23,Sinners,2025,https://boxd.it/KQMM,4.5
2025-05-03,Kung Fu Panda,2008,https://boxd.it/1Yws,4
2025-05-26,Mission: Impossible – The Final Reckoning,2025,https://boxd.it/l7A2,4
2025-05-31,Captain America: Brave New World,2025,https://boxd.it/uYDm,3
2025-06-05,One of Them Days,2025,https://boxd.it/MReU,4
2025-07-05,Love Accidentally,2022,https://boxd.it/Am2E,2.5
2025-07-05,Picture This,2025,https://boxd.it/JINg,3.5
2025-07-05,Simply Irresistible,1999,https://boxd.it/1KFK,3
2025-07-05,The Thomas Crown Affair,1999,https://boxd.it/29im,4
2025-07-06,Taxi,2004,https://boxd.it/1UMc,3.5
2025-07-07,Ford v Ferrari,2019,https://boxd.it/ce74,4.5
2025-07-08,Jurassic World Dominion,2022,https://boxd.it/ikXW,3
2025-07-16,Confessions of a Shopaholic,2009,https://boxd.it/1E9e,4
2025-08-26,The Map That Leads to You,2025,https://boxd.it/O5uk,3
2025-08-26,Eenie Meanie,2025,https://boxd.it/HxdC,3.5
2025-08-28,Can You Keep a Secret?,2019,https://boxd.it/jAma,2
2025-09-19,Second Act,2018,https://boxd.it/ibU0,3
2025-09-28,Opus,2025,https://boxd.it/JBMA,3
2025-09-29,A Wrinkle in Time,2018,https://boxd.it/el46,1.5
2025-10-02,The Naked Gun,2025,https://boxd.it/Da9k,3.5
2025-10-04,Pretty Woman,1990,https://boxd.it/2b6M,4.5
2025-10-14,Plus One,2019,https://boxd.it/inpo,3.5
2025-10-15,The Favor,1994,https://boxd.it/DAw,3
2025-10-15,Take Care,2014,https://boxd.it/7qJY,3.5
2025-10-16,The Accidental Husband,2008,https://boxd.it/1Qfy,2.5
2025-10-16,One Small Hitch,2013,https://boxd.it/5b14,0.5
2025-10-18,Mr. Wonderful,1993,https://boxd.it/1i8y,3
2025-10-19,Almost Famous,2000,https://boxd.it/29CQ,4.5
2025-10-19,Labor Pains,2009,https://boxd.it/1Ewi,2
2025-10-20,Stay the Night,2022,https://boxd.it/zd58,3
2025-10-21,Cloudy with a Chance of Meatballs,2009,https://boxd.it/1A40,4
2025-10-27,Superman,2025,https://boxd.it/E9IU,3.5
2025-10-27,Babygirl,2024,https://boxd.it/Fvai,2.5
2025-10-27,Mickey 17,2025,https://boxd.it/q1Dk,4
2025-10-27,What's Your Number?,2011,https://boxd.it/6P4,4
2025-10-28,Life As We Know It,2010,https://boxd.it/162S,3
2025-11-15,Now You See Me,2013,https://boxd.it/2Bsu,4
2025-11-15,Jurassic World Rebirth,2025,https://boxd.it/KUeE,1.5
2025-11-15,Now You See Me 2,2016,https://boxd.it/99fw,3
2025-11-26,Thunderbolts*,2025,https://boxd.it/BfbQ,4
2025-11-26,The Fantastic 4: First Steps,2025,https://boxd.it/mP6C,4
2025-11-26,The Marvels,2023,https://boxd.it/mwU4,3
2025-11-27,Spotlight,2015,https://boxd.it/a84k,4
2025-11-28,The Master,2012,https://boxd.it/2cBG,3
2025-11-30,Caught Stealing,2025,https://boxd.it/LnyS,4
2025-12-01,Madame Web,2024,https://boxd.it/nwD0,2
2025-12-02,First Daughter,2004,https://boxd.it/1P0W,2
2025-12-08,Drive Me Crazy,1999,https://boxd.it/1O7s,4
2025-12-11,Bride Hard,2025,https://boxd.it/Gx0w,1.5
2025-12-15,The Philadelphia Story,1940,https://boxd.it/29a8,4.5
2025-12-17,Wake Up Dead Man,2025,https://boxd.it/uAKS,4
2025-12-17,Materialists,2025,https://boxd.it/GZlW,3
2025-12-17,Dreamgirls,2006,https://boxd.it/293m,5
2025-12-17,The Incredibles,2004,https://boxd.it/1XLm,5
2025-12-18,This Is Spinal Tap,1984,https://boxd.it/1UOs,4
2025-12-18,In the Mood for Love,2000,https://boxd.it/29tE,4.5
2025-12-18,It Happened One Night,1934,https://boxd.it/25Ng,3
2025-12-19,Roofman,2025,https://boxd.it/LcIW,3
2025-12-19,American Hustle,2013,https://boxd.it/5dz8,2.5
2025-12-19,13 Going on 30,2004,https://boxd.it/1X6e,4.5
2025-12-21,Selena,1997,https://boxd.it/1KVS,4
2025-12-21,Tenet,2020,https://boxd.it/leq4,2.5
2025-12-23,One Battle After Another,2025,https://boxd.it/DUHM,3
2025-12-23,The Untouchables,1987,https://boxd.it/2b6i,3
2025-12-27,Companion,2025,https://boxd.it/F04o,3.5
2025-12-27,Uncut Gems,2019,https://boxd.it/gXGc,4
2025-12-29,Polite Society,2023,https://boxd.it/AU9u,4
2025-12-29,Good Time,2017,https://boxd.it/fcFu,2
2025-12-31,Black Bag,2025,https://boxd.it/KRbM,4
2026-01-04,Zootopia 2,2025,https://boxd.it/F0vO,4
2026-01-26,We Live in Time,2024,https://boxd.it/FC5u,3
2026-02-13,Love Jones,1997,https://boxd.it/1s3S,4
2026-03-07,"Sorry, Baby",2025,https://boxd.it/JKNi,4.5
2026-03-11,Hoppers,2026,https://boxd.it/OFpg,4.5
2026-04-03,Crime 101,2026,https://boxd.it/IoGs,3
2026-04-04,The Drama,2026,https://boxd.it/OA2w,4
2026-04-06,All the President's Men,1976,https://boxd.it/29lU,4
2026-04-06,Past Lives,2023,https://boxd.it/oNB8,4
2026-04-08,No Reservations,2007,https://boxd.it/256w,3
2026-04-11,"You, Me & Tuscany",2026,https://boxd.it/TTRe,3
