Date,Name,Year,Letterboxd URI,Rating,Rewatch,Review,Tags,Watched Date
2024-05-26,Challengers,2024,https://boxd.it/6xZQRD,5,,#teamlily,,2024-05-13
2024-05-26,The Idea of You,2024,https://boxd.it/6xZTRL,3.5,,anne hathaway you’ve done it again! nicolas galitzine.. it seems i’ve grown quite fond of you,,2024-05-25
2024-05-26,Dune: Part Two,2024,https://boxd.it/6xZWBL,5,,"paul told chani he’ll love her as long as he breathes… so if chani was to kill him she wouldn’t be wrong! women’s stories matter, they just matter!",,2024-05-23
2024-05-26,The Iron Claw,2023,https://boxd.it/6xZYhN,5,,"in a perfect world, zac efron would be an EGOT winner",,2024-05-24
2024-05-26,Anyone But You,2023,https://boxd.it/6y0UBV,2.5,,glen powell i love to see you on my screen.. but this took me a week to finish,,2024-05-25
2024-05-29,Mad Max: Fury Road,2015,https://boxd.it/6zmBXV,5,,"your favorite action movie star’s favorite action movie. this movie is actually ridiculous in the best way possible. not a second or frame was wasted and nicholas hoult earned every last cent of his paycheck. absolutely ridiculous movie, like i was tuned in all two hours!",,2024-05-27
2024-05-29,Poor Things,2023,https://boxd.it/6zmWlD,3.5,,bella dizzy with excite!,,2024-05-15
2024-05-29,Singin' in the Rain,1952,https://boxd.it/6zmYPv,4.5,,"bring back painted back drops! bring back real dancers! this movie is just out of a story book, i loved it!",,2024-05-28
2024-06-02,Falling in Love,1984,https://boxd.it/6B0ahH,3,,"loved this movie, i think? something felt off about it but i couldn’t tell you what exactly that was",,2024-05-31
2024-06-02,Cast Away,2000,https://boxd.it/6B1zhf,4,,i don’t think i would’ve had to will to fight as hard as this man did omg?? shoutout wilson,,2024-06-01
2024-06-09,Hit Man,2023,https://boxd.it/6DA1i7,4,,"i remember first watching glenn powell as an astronaut in “hidden figures” and he was immediately charming and i said oh! he needs to be in a romcom.. “set it up” was great, anyone but you was! but this.. oh glenn you’ve outdone yourself! adria arjona, welcome you’re now one of my clients!",,2024-06-07
2024-06-09,The Sound of Music,1965,https://boxd.it/6DGyyf,5,,"so THAT’S what all the fuss was about, got it!",,2024-06-08
2024-06-09,"Hello, Dolly!",1969,https://boxd.it/6DJSaj,3,,"what a spectacle of a movie, like this movie is sooo movie",,2024-06-08
2024-06-10,Funny Girl,1968,https://boxd.it/6Eagd9,4.5,,"of course she got the oscar on the first attempt, what was the alternative??",,2024-06-08
2024-09-01,The Girl with the Dragon Tattoo,2011,https://boxd.it/7epDEr,5,,rooney mara.. the woman that you are,,2024-09-01
2024-12-10,Die Hard,1988,https://boxd.it/80XuMr,4,,"finally got to watch this excellent christmas movie. i was only interested in watching to understand the musical that gene belcher produced in the “Work Hard or Die Trying, Girl” episode of Bob’s Burger’s, so thank you gene!",,2024-11-20
2025-01-20,Things We Lost in the Fire,2007,https://boxd.it/8xPhAD,4,,the kid actors in this movie were fantastic!,,2025-01-19
2025-01-20,Bounce,2000,https://boxd.it/8xPozx,3,,buddy had three times to tell this widow that he’s the reason her husband died in a plane crash and didn’t.. he’s insane!,,2025-01-19
2025-01-25,The Wild Robot,2024,https://boxd.it/8B9MzN,5,,wow that was beautiful,,2025-01-24
2025-01-25,Barb & Star Go to Vista Del Mar,2021,https://boxd.it/8BxYVp,4,,"this movie is sooo stupidly insane, it’s perfect",,2025-01-25
2025-01-25,Dinner in America,2020,https://boxd.it/8BBNfF,4,,music gf/bf to real gf/bf pipeline,,2025-01-25
2025-02-15,What Happens in Vegas,2008,https://boxd.it/8PWyvB,3,,had to watch a rom com that i’ve never seen before on valentine’s day… unfortunately it was this one! (cameron diaz look away!),,2025-02-14
2025-02-15,White House Down,2013,https://boxd.it/8PWEWt,2,,"the scene of the little girl waving the flag on the lawn to get the airstrike team to abort their mission made me tear up? and why was the president wearing jordan’s,. don’t piss me off :/",,2025-02-14
2025-02-15,"Corrina, Corrina",1994,https://boxd.it/8Q0hXB,3.5,,"this movie is so pretty?? like i loved watching everything from the colors to the fun editing, also, ray liotta you are missed dearly!",,2025-02-14
2025-02-15,While You Were Sleeping,1995,https://boxd.it/8Q0TAP,5,,"had to revive my valentine’s day rom com watch with the one i could rewatch forever.. sandra bullock, thank you for everything!",,2025-02-14
2025-02-16,Hope Floats,1998,https://boxd.it/8QsF4L,3,,i wanted to live this movie soo bad because of sandra bullock and gena rowland… but alas! mae whitman know that you are so loved by ME,,2025-02-15
2025-02-17,Secretary,2002,https://boxd.it/8Rgu0X,3,,OH!,,2025-02-16
2025-02-17,Moonstruck,1987,https://boxd.it/8Rim0p,5,,"cher should be in all movies forever! this movie is so ridiculous, i love it so much!",,2025-02-16
2025-02-17,Waiting to Exhale,1995,https://boxd.it/8RoXMx,5,,"bring back black women ensembles! this film is colored sooo beautifully, it’s so warm and a classic for a reason. whitney houston should still be here, she’s so beautiful in this movie. 

and the soundtrack?? oh kenneth babyface edmund’s..  they just don’t know you’re made of magic!",,2025-02-16
2025-02-23,The Owl and the Pussycat,1970,https://boxd.it/8VsPH9,3.5,,"barbra streisand has never made a bad romantic comedy, i love that for her!",,2025-02-22
2025-02-23,"What's Up, Doc?",1972,https://boxd.it/8VwmsR,5,,"this movie is sooo zany, i love it! barbra cannot make a bad romantic comedy, like it’s impossible!",,2025-02-23
2025-02-25,The Bridges of Madison County,1995,https://boxd.it/8WSRaR,4,,"clint eastwood has looked old his whole life, but this movie was very warm to watch. never let your husband stop you from meeting the love of your life!",,2025-02-24
2025-03-01,Unknown,2011,https://boxd.it/8Z41ML,2.5,,"the age difference between liam nesson and the women leads of this movie are sooo distracting.. i did like the old russian spy though, would like to see a movie about him!",,2025-02-28
2025-03-01,Traitor,2008,https://boxd.it/8Z7MvN,2.5,,don cheadle and guy pearce.. i love you both but this movie was not the best! it’s a very 2008 movie,,2025-03-01
2025-03-01,When Harry Met Sally...,1989,https://boxd.it/8Z9pBd,5,,your favorite romantic comedy’s favorite romantic comedy! like this movie never gets old and i could watch it for the rest of my life (and i will).,,2025-03-01
2025-03-02,Jerry Maguire,1996,https://boxd.it/8ZmGVb,4,,"tom cruise’s best performance idc, this movie is soo silly (complimentary)!",,2025-02-28
2025-03-04,Fear,1996,https://boxd.it/90UgIH,3,,"poor nicole omg, her whole support system failed her at every opportunity.. and alyssa malano never stood a chance like i’m sick!",,2025-03-03
2025-03-04,The Apartment,1960,https://boxd.it/90Yy8Z,4,,bring back REAL yearners like cc baxter!,,2025-03-03
2025-03-08,Erin Brockovich,2000,https://boxd.it/93so21,5,,julia robert’s,,2025-03-07
2025-03-08,Spy,2015,https://boxd.it/93wBFD,5,,"i’ve probably watched this movie over ten times at this point, there should easily be 3 more SPY movies by now!",,2025-03-07
2025-04-18,Everything Everywhere All at Once,2022,https://boxd.it/9rhD6B,4.5,,"that was amazing, beautiful, extraordinary.. i loved it",,2025-04-17
2025-04-23,Sinners,2025,https://boxd.it/9uMJFB,4.5,,"i’ve never watched to rewatch a movie so soon after watching it for the first time.. this was fantastic. i’ve never seen such an accurate depiction of how different communities in the south operate with and around each other. i’ve grown up and live around, but watching this movie is definitely the first time i’ve seen it on such a large scale. and those deep south accents weren’t too bad lol. obviously Michael B. Jordan leads this movie, but Delroy Mindo, Miles Canton, and Wunmi Mosaku… come and get your flowers. also, the power and message of our music in this film, wow Ryan Coogler.. literally just wow.",,2025-04-22
2025-05-03,Cloudy with a Chance of Meatballs,2009,https://boxd.it/9Ao6sT,3.5,,classic!,,2025-05-02
2025-05-26,Mission: Impossible – The Final Reckoning,2025,https://boxd.it/9OcCbR,4,,"seeing this in imax was insane, the scenes on the plane were insane. tom cruise has a death wish, but the movies won’t let him die!",,2025-05-26
2025-05-31,Captain America: Brave New World,2025,https://boxd.it/9RcJ67,3,,"this movie looks visually insane (derogatory) and was definitely rushed, but this is a perfect three-star movie! y’all overly hated this idk!",,2025-05-30
2025-06-05,One of Them Days,2025,https://boxd.it/9UkRcb,4,,"i can’t tell you the last time i’ve laughed at loud at a movie, i need this to be a trilogy ASAP!",,2025-06-04
2025-07-05,Love Accidentally,2022,https://boxd.it/adsnH1,2.5,,"sometimes you really just need to watch a terrible movie and this one was it, i loved it!",,2025-07-04
2025-07-05,Picture This,2025,https://boxd.it/adx9Ub,3.5,,"the things i do to support simone ashley.. this was cute but could’ve been a lot better? i feel like we missed a lot of the romance between the two characters we were supposed to be rooting for. loved the relationships between the best friend and her family, would actually watch another movie that focused on them lol.",,2025-07-04
2025-07-05,Simply Irresistible,1999,https://boxd.it/adE3kb,3,,i love an odd romcom and a three-star movie… this was exactly that!,,2025-07-04
2025-07-05,The Thomas Crown Affair,1999,https://boxd.it/adIVK1,4,,the bowler hats.. i really liked this,,2025-07-04
2025-07-06,Taxi,2004,https://boxd.it/ae34ah,3.5,,this movie is sooo silly and queen latifah is kinda the most charming person in the world if you really think about it!,,2025-07-05
2025-07-07,Ford v Ferrari,2019,https://boxd.it/aeNt4Z,4.5,,this movie is ridiculously good. the most evil man you know being named beebe.. that’s crazy! christian bale as ken miles is one of my favorite things that i’ve ever seen.,,2025-07-06
2025-07-07,Fight Club,1999,https://boxd.it/aeUq55,,,what did i just watch..,,2025-07-06
2025-07-08,Jurassic World Dominion,2022,https://boxd.it/afZDuB,3,,when the locust caught fire and started spreading i finally accepted the ridiculousness of this movie and started to enjoy it again.,,2025-07-07
2025-07-16,Confessions of a Shopaholic,2009,https://boxd.it/am225z,4,,this is an almost perfect romcom!,,2025-07-16
2025-08-26,Eenie Meanie,2025,https://boxd.it/aRNcMB,3.5,,"eenie never did anything wrong and honestly deserves the world, just when she thought she was about to have everything she needed… that idiot had to pull the rug from underneath once again.",,2025-08-25
2025-08-28,Can You Keep a Secret?,2019,https://boxd.it/aT03IF,2,,alexandra daddario 🤝 starring in terrible romantic comedies (i mean this as a compliment),,2025-08-27
2025-09-19,Second Act,2018,https://boxd.it/b6Q3Sh,3,,"a C+ rom com movie is actually five stars, but this was not a rom com so my rating will have to stay as is. the idea of the nephew dropping out of Stanford.. please",,2025-09-18
2025-09-28,Opus,2025,https://boxd.it/bcog1X,3,,"beautiful gowns, not much else. ayo edebri we will get you in a good movie soon!",,2025-09-27
2025-09-29,A Wrinkle in Time,2018,https://boxd.it/bd9Ds7,1.5,,"genuinely can’t believe that this was a real movie that got released in real life, a two hour movie that still somehow felt incomplete",,2025-09-28
2025-10-02,The Naked Gun,2025,https://boxd.it/beRqVd,3.5,,THE DUCHESS,,2025-10-01
2025-10-04,Pretty Woman,1990,https://boxd.it/bfROyL,4.5,,"it’s a classic for a reason, julia roberts everyone!",,2025-10-03
2025-10-14,Plus One,2019,https://boxd.it/bmIAav,3.5,,both of them are kinda equally annoying so i’m glad that they were able to realize that love each other.,,2025-10-13
2025-10-15,The Favor,1994,https://boxd.it/bn2Uip,3,,kathy is absolutely insane and an annoying friend. i literally thought some of her real life actions were a part of her dream sequences..,,2025-10-13
2025-10-15,Take Care,2014,https://boxd.it/bn37MH,3.5,,everything happened exactly as it needed to i fear… i support women’s rights and wrongs!,,2025-10-14
2025-10-16,The Accidental Husband,2008,https://boxd.it/bnOJnf,2.5,,i looove a terrible romcom and this one has all the parts to make a perfect one! neither of the men in this movie ever did anything to ever convince me that they loved emma but i appreciated the effort! also the premise… diabolical!,,2025-10-15
2025-10-18,Mr. Wonderful,1993,https://boxd.it/boZ2H3,3,,"funny face is still seeking mr. wonderful

this movie is so soft and sweet! definitely a romcom you can rewatch all the time.",,2025-10-17
2025-10-19,Almost Famous,2000,https://boxd.it/bpDzet,4.5,,"hey so this movie is kinda incredible? you wouldn’t think it would be as great going in but wow, that was really great. i’m so happy",,2025-10-18
2025-10-20,Stay the Night,2022,https://boxd.it/bqIQ2N,3,,good for grace!,,2025-10-19
2025-10-27,Superman,2025,https://boxd.it/bvdsUz,3.5,,david corenswet was born to play superman! this is a lovable movie and i need a mr. terrific series on my desk immediately,,2025-10-26
2025-10-27,Babygirl,2024,https://boxd.it/bvjIJJ,2.5,,the christmas tree lighting during jacob’s panic attack was the highlight of the movie,,2025-10-26
2025-10-27,Mickey 17,2025,https://boxd.it/bvsbR9,4,,all hail queen nasha,,2025-10-26
2025-10-27,What's Your Number?,2011,https://boxd.it/bvx8Jh,4,,bring back low budget and fun romcoms with actors who have ridiculous chemistry PLEASE! i’m begging!,,2025-10-26
2025-11-15,Now You See Me,2013,https://boxd.it/bIjKtP,4,,"they should make these forever, the amount of times i’ve watched this movie is ridiculous",,2025-11-14
2025-11-15,Jurassic World Rebirth,2025,https://boxd.it/bIm30V,1.5,Yes,everybody’s and i mean EVERYBODY is annoying and the repeated screaming of a character’s name after they were snatched or killed by a dinosaur is just insane lol.. i’ve never been so angry at watching a jurassic park movie,,2025-11-14
2025-11-15,Now You See Me 2,2016,https://boxd.it/bIupu5,3,,magical nonsense… give me five more!,,2025-11-14
2025-11-26,Thunderbolts*,2025,https://boxd.it/bQ8eCl,4,,florence pugh should be in every movie i think!,,2025-11-25
2025-11-26,The Fantastic 4: First Steps,2025,https://boxd.it/bQd0QD,4,,i feel like they all had very muted reactions to franklin *checks notes* bringing his mother back to life?? and reed definitely could’ve been a lot more creative with his superpowers like he should’ve been back handspringing across the city to get to franklin idk,,2025-11-25
2025-11-26,The Marvels,2023,https://boxd.it/bQnIfV,3,,this movie is over hated and for no reason at all! that post credit scene… i’m intrigued,,2025-11-25
2025-11-27,Spotlight,2015,https://boxd.it/bR0I0f,4,,"i’ll watch any investigative procedural with mark ruffalo.. there should be more actually! and that post credit scene was absolutely chilling, jesus.",,2025-11-26
2025-11-28,The Master,2012,https://boxd.it/bRCscv,3,,"i have no idea what i just watched but every performance was packed and woah was it beautifully shot! other movies dream of being this vibrant and colorful, more of them should be.",,2025-11-27
2025-11-30,Caught Stealing,2025,https://boxd.it/bSOcsF,4,,"that was fun, hate that yvonne had to die though.. but i do understand why she couldn’t resist the most obvious drunk loser who was in fact stuck in his past!",,2025-11-29
2025-12-01,Madame Web,2024,https://boxd.it/bTNe51,2,,obviously terrible movie but i was thinking about ben’s cheek filler in every scene… but the injections DOWN!,,2025-11-30
2025-12-02,First Daughter,2004,https://boxd.it/bUqEXB,2,,mother-daughter casting went crazy,,2025-12-01
2025-12-02,Me Before You,2016,https://boxd.it/bUti09,3,,don’t know what made me rewatch this horror movie,,2025-12-02
2025-12-08,Drive Me Crazy,1999,https://boxd.it/bYdpZ3,4,,invented the fake dating to dating to step-siblings trope,,2025-12-07
2025-12-11,Bride Hard,2025,https://boxd.it/c0mu4d,1.5,,"at least da’vine joy randolph was having fun, so good for her!",,2025-12-10
2025-12-13,Waiting to Exhale,1995,https://boxd.it/c1ObCP,5,Yes,so there’s this beautiful movie of all time.. i’ll forever be obsessed with the warmth of it and the sisterhood of it all! will definitely be rewatching for the new year!,,2025-12-12
2025-12-15,The Philadelphia Story,1940,https://boxd.it/c3p4oz,4.5,,so there’s this classic movie of all time! i loved this and see why it’s a lot of people’s favorite.,,2025-12-14
2025-12-17,Wake Up Dead Man,2025,https://boxd.it/c5ntHF,4,,"josh o’conner it seems i’ve grown extremely fond of you!

going into this i definitely expected this to be my least favorite of the knives out trilogy due to the underwhelming ensemble cast (not you kerry washington and glenn close) and that still kinda is true… but then the dead man started walking. 

i could watch daniel craig as benoit blanc forever so please make these movies forever, rian johnson!",,2025-12-16
2025-12-17,Materialists,2025,https://boxd.it/c5ra0Z,3,,"love is losing game for fools to play and lucy is kind of an idiot, but i’m choosing to stand with her at this time!

say YES to gender affirming surgery and NO to unnecessary sexual assault plot devices (surely there was an alternative for lucy to begin to question her role at her job and the validity of her relationship with harry).",,2025-12-17
2025-12-18,This Is Spinal Tap,1984,https://boxd.it/c5XszH,4,,"watching this and thinking “oh wow, i wonder how many mockumentaries existed before this” just to discover that this movie quite literally invented the medium, thank you rob reiner!

this movie is incredibly silly and the repeated dead drummer bit was my favorite.",,2025-12-17
2025-12-18,In the Mood for Love,2000,https://boxd.it/c62qsp,4.5,,"hate to point out the obvious, but everything about this was stunning.",,2025-12-17
2025-12-18,It Happened One Night,1934,https://boxd.it/c6gbix,3,,"it actually happened over the course of many nights, but this is truly the foundational text for romantic comedies. 

not a fan of the casual conversations or threats of physical abuse in some scenes but then again… this is a movie from 1934!

the scene of ellie as a runaway bride was gorgeous and her dad was so real for giving her an escape option in a wedding that never needed to happen. 

we were definitely robbed of seeing ellie and peter reuniting and sharing an actual kiss as a couple in love, but knowing clark gable had halitosis actually makes the ending so valid!",,2025-12-17
2025-12-19,Roofman,2025,https://boxd.it/c6JKsl,3,,"sweet movie but also slightly boring, which is a shame because channing tatum and kirsten dunst have great chemistry here. 

this being a real life story is just insane and ridiculous in the best way possible. 

i miss channing in movies, might be time for a 21 jump street rewatch",,2025-12-18
2025-12-19,American Hustle,2013,https://boxd.it/c6Ru99,3.5,,"this was secretly a “silver linings playbook” reunion and i appreciated that. 

jeremy renner’s mayor hair is an exact copy of the mayor from “cloudy with a chance of meatballs” and that’s all i thought about whenever he was on my screen. 

jennifer lawrence as rosalyn was my favorite thing about this very goofy movie.",,2025-12-18
2025-12-19,13 Going on 30,2004,https://boxd.it/c6X7g9,4.5,,"slowly rising to my top five favorite romcoms with every rewatch. 

the scene of matty giving jenna the dream house right before his wedding is what really makes this movie for me. 

the side characters are phenomenal and play their roles well, everybody really showed up to work in this movie!",,2025-12-18
2025-12-21,Wake Up Dead Man,2025,https://boxd.it/c8R1mV,4,Yes,rewatching to see all the hints dropped throughout the movie before we got to the big reveal… oh this is some real good food lois!,,2025-12-20
2025-12-21,Selena,1997,https://boxd.it/c9cdZR,4,Yes,"JLO baby we should’ve just stuck with the acting career after this, this is where you thrive!

i was so distracted by chris’ ponytail leave out throughout the entire movie, that was crazy. 

i hate yolanda with a burning passion.",,2025-12-20
2025-12-21,Tenet,2020,https://boxd.it/c9jchX,2.5,Yes,"that felt like an exam that i missed the review session for and got the exam date wrong. 

i felt vindicated for guessing that neil and the protagonist were fighting themselves at the airport and that was the only time i felt like i knew what was going on. 

“don’t try to understand it, feel it” well let’s just say i feel confused!",,2025-12-21
2025-12-23,One Battle After Another,2025,https://boxd.it/cba58T,3,Yes,"chase infiniti the world is yours! leading a movie where everyone delivers on all fronts and still being the best performance is amazing. 

the highway chase scene was my favorite part of this movie, that was incredible to watch. 

teyana taylor and regina hall should’ve been on my screen more, but they did a lot with what little they were given.",,2025-12-22
2025-12-23,The Untouchables,1987,https://boxd.it/cboiZp,3,Yes,"it’s very apparent that sean connery’s character will die the second he’s recruited to the team, so watching the rest of the movie is just a guessing game on when it would happen. this pays off because the actual scene of his death is ridiculous. 

it was so crazy to hear the slurs one group of white people used for another group of white people, like that’s your cousin!",,2025-12-22
2025-12-27,Eternals,2021,https://boxd.it/cfQBYx,3,,"ok so why isn’t there a sequel to this movie? or at least two?

the post credit scene having harry styles? girl ok",,2025-12-26
2025-12-27,Companion,2025,https://boxd.it/cfXPkv,3.5,,"that was fun and had i not remembered from the trailers that she was a robot, i think i could see myself being shocked at the reveal. 

i was very interested in seeing how the electric bottle opener would come into play and thankfully was not disappointed. 

the closing credits being the reason i learn “emotions” by destiny’s child is actually a cover.. this movie just keeps on giving!",,2025-12-26
2025-12-27,Uncut Gems,2019,https://boxd.it/cg637h,4,,"howard is the most annoying man in the world and every decision he made stressed me OUT. 

being business partners with either howard or demany would’ve driven me insane, i don’t know how two insane people fell into a partnership. 

kevin garnett’s performance was my favorite thing about this movie.",,2025-12-26
2025-12-29,Polite Society,2023,https://boxd.it/cieVpN,4,Yes,"the state of love, bonding, trust (for the most part)… REAL sisterhood!

this plot was absolutely insane in the best possible way. 
the action sequences were great and the way the fabrics moved during the fights was gorgeous. 

ria finally landing the kick when it mattered most and getting the stamp of approval from her idol, i love this crazy girl.",,2025-12-28
2025-12-29,Good Time,2017,https://boxd.it/ciDM89,2,,"knew i was in for a hard time when they committed a robbery with blackface rubber masks?? 

connie is a terrible person who made bad choice after worse choice after horrible choice — did he really have to go and make out with a 16 year old? (the answer is no)

nick deserved a better brother and will thrive without connie damaging him.",,2025-12-28
2025-12-31,Black Bag,2025,https://boxd.it/ckJfar,4,Yes,"real romance is being so in love with your spouse that everyone around you thinks that it’s a detriment to you and you double down on it. 

marisa abela should be on my screen more, she’s so funny in this.",,2025-12-30
2026-01-04,Zootopia 2,2025,https://boxd.it/cpXujV,4,Yes,"i looove gary de’snake and his overwhelming positivity. 

the power of friendship and judy and nick realizing they’re each other’s first real friends, that was adorable.",,2026-01-03
2026-01-26,We Live in Time,2024,https://boxd.it/cPXfIl,3,Yes,"oh so that was just lovingly sad.. i thought i was supposed to be watching a romcom?

florence pugh, i need to spend more time with you.",,2026-01-25
2026-02-13,Love Jones,1997,https://boxd.it/d6zMAT,4,,"decided to revisit this just in time for valentine’s day! 

i need to own every leather jacket that appeared in this movie. 

everything that happens in this movie after their first breakup (including the breakup) is a direct result of trying to be too cool to love someone, start loving LOUDLY!",,2026-02-12
2026-03-07,"Sorry, Baby",2025,https://boxd.it/dqguW5,4.5,,"so this was one of the most devastating and funny movies i’ve seen in some time. 

the sandwich scene and ending scene with baby jane had me in tears, just humanity at its finest. 

agnes deserves the world, and i’d like to think that one day they move out of that funky town and continues to be the successful professor they are. 

to my dear and personal close friend, eva victor, you are now on my client list. welcome!",,2026-03-06
2026-03-11,Hoppers,2026,https://boxd.it/dtlv9P,4.5,,"absolutely obsessed with the tiny crowns, the character design, and the way the animation style switches between the animals to show when we can understand them versus when we cannot. 

this is a really cute story and the kids in my theater definitely enjoyed it. 

the villain was actually horrifying and the last chapter of the movie really made “king” titus an all-time pixar villain in my eyes. 

like king george says, we’re all in this together!",,2026-03-10
2026-04-03,Crime 101,2026,https://boxd.it/dNEf9x,3,,"bring back random action movies with a star studded cast, this was great (not really, but halle berry is in it so it’s great)!

barry keogan plays crazy a little too well for my liking… we have to watch out for him!

chris hemsworth is always thor to me in any movie i watch with him in it. BUT, he was only slightly less thor in this one… so good for him!",,2026-04-02
2026-04-04,The Drama,2026,https://boxd.it/dOLuRd,4,,"thankfully i was in a theater that saw this as the dark comedy that it is and we were laughing loud. zendaya you’ll never do any wrong in my eyes so i’m glad that her character (emma) wasn’t the actual villain in this movie. 

i’m sorry but we can’t live in WHAT IFS, every other character actually did the action that was their claimed “worst thing” except for emma. 

by the end of it, emma’s empathy really showed through and charlie will have to spend the rest of his life making up for doing the actual worst thing thing that he’s ever done. 

EYE felt the chemistry between zendaya and robert pattinson, these reviews are confusing me!",,2026-04-03
2026-04-06,All the President's Men,1976,https://boxd.it/dQW1UR,4,Yes,"i LOVE a good journalist procedural movie and i wouldn’t be surprised to learn if this one was the big momma. 

i looked up what the actual bob woodward looked like and he’s sooo real for having robert redford portray him in this movie, God bless him!

i’ve always thought this, but i still can’t believe the biggest scandal in the nation at the time relied on an informant called “deep throat”… like that’s just so silly.",,2026-04-05
2026-04-06,Past Lives,2023,https://boxd.it/dR36ol,4,Yes,"so this is just a ridiculously shot movie, every single frame is beautiful. 

shoutout to arthur for being the most understanding husband of all time, because the scene of nora and hae sung having that sweet conversation in front of him was crazy (complimentary). 

i remember when this movie first came out, a lot of people were talking about how romantic the scene of nora and arthur in bed together was. but i raise you hae sung saying “see you then” to nora before getting in taxi and driving out of her life permanently. that’s a yearner!",,2026-04-05
2026-04-08,No Reservations,2007,https://boxd.it/dT5yHd,3,,"chemistry between the leads was insaneee, that’s the perfect foundation for a C+ romantic drama and that’s exactly what this movie is. i loved it!",,2026-04-07
2026-04-11,"You, Me & Tuscany",2026,https://boxd.it/dVnjrj,3,,"this was FUN! i love how everybody in the family didn’t care about mateo’s feelings even when they thought he and anna were really together, that’s real!

halle and rege are so cute together, i loved that last scene!",,2026-04-10
